model	status	dbRatios	manualRatios	dbN	manualN	manualRatiosList	manualCapsList
GWC28.30	OK	9	9	9	9	2.06 2.51 3.08 3.54 4.05 4.54 5.09 5.59 6.14	0.865 0.711 0.578 0.504 0.44 0.393 0.35 0.319 0.29
GWL28.30	OK	9	9	9	9	2.06 2.51 3.08 3.54 4.05 4.54 5.09 5.59 6.14	0.865 0.711 0.578 0.504 0.44 0.393 0.35 0.319 0.29
GWC30.32	OK	9	9	9	9	2.03 2.55 3.04 3.52 4 4.55 5.05 5.64 6.05	1.122 0.894 0.75 0.647 0.57 0.501 0.451 0.404 0.376
GWL30.32	OK	9	9	9	9	2.03 2.55 3.04 3.52 4 4.55 5.05 5.64 6.05	1.122 0.894 0.75 0.647 0.57 0.501 0.451 0.404 0.376
GWC32.35	OK	9	9	9	9	2.06 2.54 3.02 3.58 4.05 4.59 5.09 5.57 6.08	1.4175 1.1481 0.9659 0.816 0.72 0.6353 0.5733 0.5236 0.48
GWL32.35	OK	9	9	9	9	2.06 2.54 3.02 3.58 4.05 4.59 5.09 5.57 6.08	1.4175 1.1481 0.9659 0.816 0.72 0.6353 0.5733 0.5236 0.48
GWC36.39	OK	9	9	9	9	1.97 2.45 2.98 3.47 3.95 4.4 5.01 5.47 5.97	2.045 1.644 1.352 1.161 1.02 0.916 0.804 0.737 0.675
GWL36.39	OK	9	9	9	9	1.97 2.45 2.98 3.47 3.95 4.4 5.01 5.47 5.97	2.045 1.644 1.352 1.161 1.02 0.916 0.804 0.737 0.675
GWC39.41	OK	9	9	9	9	1.98 2.47 3.05 3.48 4.05 4.48 5 5.51 5.99	2.872 2.297 1.858 1.63 1.4 1.265 1.135 1.03 0.947
GWL39.41	OK	9	9	9	9	1.98 2.47 3.05 3.48 4.05 4.48 5 5.51 5.99	2.872 2.297 1.858 1.63 1.4 1.265 1.135 1.03 0.947
GWC42.45	OK	9	9	9	9	2 2.55 3.02 3.58 4 4.47 5 5.6 5.93	3.62 2.844 2.394 2.023 1.81 1.619 1.448 1.293 1.221
GWL42.45	OK	9	9	9	9	2 2.55 3.02 3.58 4 4.47 5 5.6 5.93	3.62 2.844 2.394 2.023 1.81 1.619 1.448 1.293 1.221
GWC45.49	OK	9	9	9	9	1.97 2.47 2.89 3.47 3.95 4.37 4.85 5.5 5.98	4.46 3.568 3.041 2.54 2.23 2.012 1.815 1.6 1.471
GWL45.49	OK	9	9	9	9	1.97 2.47 2.89 3.47 3.95 4.37 4.85 5.5 5.98	4.46 3.568 3.041 2.54 2.23 2.012 1.815 1.6 1.471
GWC45.52	OK	9	9	9	9	1.97 2.52 2.99 3.47 4.01 4.64 4.98 5.51 6.04	4.845 3.815 3.185 2.748 2.435 2.146 1.915 1.73 1.609
GWL45.52	OK	9	9	9	9	1.97 2.52 2.99 3.47 4.01 4.64 4.98 5.51 6.04	4.845 3.815 3.185 2.748 2.435 2.146 1.915 1.73 1.609
GWC49.54	OK	9	9	9	9	1.94 2.46 2.92 3.45 3.95 4.53 4.91 5.48 6	5.88 4.628 3.901 3.303 2.88 2.51 2.318 2.076 1.898
GWL49.54	OK	9	9	9	9	1.94 2.46 2.92 3.45 3.95 4.53 4.91 5.48 6	5.88 4.628 3.901 3.303 2.88 2.51 2.318 2.076 1.898
GWC49.59	OK	9	9	9	9	2.03 2.49 3.04 3.49 4 4.48 5.01 5.51 6.01	6.409 5.226 4.288 3.735 3.26 2.913 2.603 2.366 2.171
GWL49.59	OK	9	9	9	9	2.03 2.49 3.04 3.49 4 4.48 5.01 5.51 6.01	6.409 5.226 4.288 3.735 3.26 2.913 2.603 2.366 2.171
GWC52.59	OK	9	9	9	9	1.93 2.48 2.96 3.53 3.95 4.43 4.97 5.4 5.93	7.779 6.063 5.076 4.268 3.807 3.395 3.026 2.785 2.538
GWL52.59	OK	9	9	9	9	1.93 2.48 2.96 3.53 3.95 4.43 4.97 5.4 5.93	7.779 6.063 5.076 4.268 3.807 3.395 3.026 2.785 2.538
GWC52.62	OK	11	11	11	11	2.02 2.46 3.02 3.45 4.06 4.52 5.04 5.46 5.95 6.49 6.94	7.798 6.404 5.216 4.566 3.88 3.485 3.126 2.885 2.648 2.427 2.27
GWL52.62	OK	11	11	11	11	2.02 2.46 3.02 3.45 4.06 4.52 5.04 5.46 5.95 6.49 6.94	7.798 6.404 5.216 4.566 3.88 3.485 3.126 2.885 2.648 2.427 2.27
GWC60.66	OK	11	11	11	11	2.01 2.5 3.07 3.57 4.05 4.48 5.08 5.51 6.12 6.52 6.97	10.026 8.073 6.567 5.645 4.98 4.5 3.973 3.664 3.299 3.06 3
GWL60.66	OK	11	11	11	11	2.01 2.5 3.07 3.57 4.05 4.48 5.08 5.51 6.12 6.52 6.97	10.026 8.073 6.567 5.645 4.98 4.5 3.973 3.664 3.299 3.06 3
GWC60.74	OK	11	11	11	11	1.99 2.53 3.06 3.51 4.02 4.5 5.04 5.51 6.04 6.5 6.94	11.6 9.344 7.723 6.726 5.87 5.246 4.688 4.282 3.909 3.632 3.4
GWL60.74	OK	11	11	11	11	1.99 2.53 3.06 3.51 4.02 4.5 5.04 5.51 6.04 6.5 6.94	11.6 9.344 7.723 6.726 5.87 5.246 4.688 4.282 3.909 3.632 3.4
GWC63.71	OK	12	12	12	12	2.01 2.51 3.03 3.45 4.11 4.55 5.04 5.47 5.95 6.48 6.96 7.48	13.148 10.535 8.725 7.67 6.45 5.818 5.256 4.837 4.448 4.243 3.954 3.678
GWC66.75	OK	11	11	11	11	2.05 2.55 2.99 3.48 3.95 4.49 4.97 5.51 6.12 6.59 6.95	14.406 11.582 9.9 8.491 7.48 6.59 5.95 5.366 4.831 4.488 4.253
GWL66.75	OK	11	11	11	11	2.05 2.55 2.99 3.48 3.95 4.49 4.97 5.51 6.12 6.59 6.95	14.406 11.582 9.9 8.491 7.48 6.59 5.95 5.366 4.831 4.488 4.253
GWC70.82	OK	12	12	12	12	2.05 2.53 3.09 3.58 3.95 4.57 5.04 5.58 6.17 6.5 6.98 7.49	17.646 14.297 11.692 10.088 9.15 7.902 7.161 6.481 5.856 5.562 5.179 4.825
GWL70.82	OK	12	12	12	12	2.05 2.53 3.09 3.58 3.95 4.57 5.04 5.58 6.17 6.5 6.98 7.49	17.646 14.297 11.692 10.088 9.15 7.902 7.161 6.481 5.856 5.562 5.179 4.825
GWC70.85	OK	11	11	11	11	1.98 2.45 3.01 3.49 3.95 4.47 5.05 5.58 6.05 6.51 6.98	21.441 17.291 14.089 12.131 10.72 9.474 8.39 7.593 7.001 6.508 6.067
GWL70.85	OK	11	11	11	11	1.98 2.45 3.01 3.49 3.95 4.47 5.05 5.58 6.05 6.51 6.98	21.441 17.291 14.089 12.131 10.72 9.474 8.39 7.593 7.001 6.508 6.067
GWC75.90	OK	11	11	11	11	2.01 2.51 3.01 3.51 4 4.43 5.04 5.47 6.02 6.51 6.99	22.423 17.966 15 12.833 11.282 10.175 8.953 8.25 7.489 6.92 6.44
GWL75.90	OK	11	11	11	11	2.01 2.51 3.01 3.51 4 4.43 5.04 5.47 6.02 6.51 6.99	22.423 17.966 15 12.833 11.282 10.175 8.953 8.25 7.489 6.92 6.44
GWC78.88	OK	9	9	9	9	2.04 2.49 2.98 3.48 3.95 4.49 5.01 5.47 6.09	23.372 19.099 15.983 13.708 12.063 10.615 9.511 8.712 7.83
GWL78.88	OK	9	9	9	9	2.04 2.49 2.98 3.48 3.95 4.49 5.01 5.47 6.09	23.372 19.099 15.983 13.708 12.063 10.615 9.511 8.712 7.83
GWC78.96	OK	7	7	7	7	4.97 5.46 6 6.47 6.93 7.5 8	11.78 10.72 9.75 9.04 8.4 7.8 7.31
GWC80.95	OK	9	9	9	9	1.98 2.49 2.94 3.46 3.95 4.51 5.03 5.48 5.93	28 22.2 18.81 16 14 12.25 11 10.09 9.33
GWL80.95	OK	9	9	9	9	1.98 2.49 2.94 3.46 3.95 4.51 5.03 5.48 5.93	28 22.2 18.81 16 14 12.25 11 10.09 9.33
GWC85.100	OK	11	11	11	11	1.98 2.55 2.98 3.48 3.95 4.48 4.97 5.51 5.99 6.45 7.05	35 27.429 23.445 20.108 17.5 15.605 14.091 12.708 11.684 10.845 9.92
GWL85.100	OK	11	11	11	11	1.98 2.55 2.98 3.48 3.95 4.48 4.97 5.51 5.99 6.45 7.05	35 27.429 23.445 20.108 17.5 15.605 14.091 12.708 11.684 10.845 9.92
GWS28.30	OK	5	5	5	5	2 2.56 3 3.57 4.05	0.44 0.44 0.44 0.44 0.44
GWK28.30	OK	5	5	5	5	2 2.56 3 3.57 4.05	0.44 0.44 0.44 0.44 0.44
GWH28.30	OK	5	5	5	5	2 2.56 3 3.57 4.05	0.44 0.44 0.44 0.44 0.44
GWD28.30	OK	5	5	5	5	2 2.56 3 3.57 4.05	0.44 0.44 0.44 0.44 0.44
GWS32.35	OK	5	5	5	5	2 2.56 3 3.57 4.05	0.72 0.72 0.72 0.72 0.72
GWK32.35	OK	5	5	5	5	2 2.56 3 3.57 4.05	0.72 0.72 0.72 0.72 0.72
GWH32.35	OK	5	5	5	5	2 2.56 3 3.57 4.05	0.72 0.72 0.72 0.72 0.72
GWD32.35	OK	5	5	5	5	2 2.56 3 3.57 4.05	0.72 0.72 0.72 0.72 0.72
GWS36.39	OK	5	5	5	5	2.03 2.48 2.92 3.48 3.95	1.02 1.02 1.02 1.02 1.02
GWK36.39	OK	5	5	5	5	2.03 2.48 2.92 3.48 3.95	1.02 1.02 1.02 1.02 1.02
GWH36.39	OK	5	5	5	5	2.03 2.48 2.92 3.48 3.95	1.02 1.02 1.02 1.02 1.02
GWD36.39	OK	5	5	5	5	2.03 2.48 2.92 3.48 3.95	1.02 1.02 1.02 1.02 1.02
GWS36.54	OK	4	4	4	4	4.46 4.95 5.55 5.95	0.96 0.96 0.96 0.96
GWK36.54	OK	4	4	4	4	4.46 4.95 5.55 5.95	0.96 0.96 0.96 0.96
GWH36.54	OK	4	4	4	4	4.46 4.95 5.55 5.95	0.96 0.96 0.96 0.96
GWD36.54	OK	4	4	4	4	4.46 4.95 5.55 5.95	0.96 0.96 0.96 0.96
GWS39.41	OK	5	5	5	5	2 2.54 2.96 3.5 3.95	1.4 1.4 1.4 1.4 1.4
GWK39.41	OK	5	5	5	5	2 2.54 2.96 3.5 3.95	1.4 1.4 1.4 1.4 1.4
GWH39.41	OK	5	5	5	5	2 2.54 2.96 3.5 3.95	1.4 1.4 1.4 1.4 1.4
GWD39.41	OK	5	5	5	5	2 2.54 2.96 3.5 3.95	1.4 1.4 1.4 1.4 1.4
GWS39.57	OK	4	4	4	4	4.52 5.04 5.52 5.95	1.29 1.29 1.29 1.29
GWK42.63	CAPS_DIFF	4	4	4	4	4.46 5.08 5.46 5.95	1.64 1.64 1.64 1.64
GWH39.57	OK	4	4	4	4	4.52 5.04 5.52 5.95	1.29 1.29 1.29 1.29
GWD39.57	OK	4	4	4	4	4.52 5.04 5.52 5.95	1.29 1.29 1.29 1.29
GWS42.45	OK	5	5	5	5	1.97 2.55 2.93 3.58 4	1.81 1.81 1.81 1.81 1.81
GWK42.45	OK	5	5	5	5	1.97 2.55 2.93 3.58 4	1.81 1.81 1.81 1.81 1.81
GWH42.45	OK	5	5	5	5	1.97 2.55 2.93 3.58 4	1.81 1.81 1.81 1.81 1.81
GWD42.45	OK	5	5	5	5	1.97 2.55 2.93 3.58 4	1.81 1.81 1.81 1.81 1.81
GWS42.63	OK	4	4	4	4	4.46 5.08 5.46 5.95	1.64 1.64 1.64 1.64
GWH42.63	OK	4	4	4	4	4.46 5.08 5.46 5.95	1.64 1.64 1.64 1.64
GWD42.63	OK	4	4	4	4	4.46 5.08 5.46 5.95	1.64 1.64 1.64 1.64
GWS45.49	OK	5	5	5	5	2.03 2.48 3.09 3.48 3.95	2.23 2.23 2.23 2.23 2.23
GWK45.49	OK	5	5	5	5	2.03 2.48 3.09 3.48 3.95	2.23 2.23 2.23 2.23 2.23
GWH45.49	OK	5	5	5	5	2.03 2.48 3.09 3.48 3.95	2.23 2.23 2.23 2.23 2.23
GWD45.49	OK	5	5	5	5	2.03 2.48 3.09 3.48 3.95	2.23 2.23 2.23 2.23 2.23
GWS45.68	OK	4	4	4	4	4.5 5 5.55 5.95	2.12 2.12 2.12 2.12
GWK45.68	OK	4	4	4	4	4.5 5 5.55 5.95	2.12 2.12 2.12 2.12
GWD45.68	OK	4	4	4	4	4.5 5 5.55 5.95	2.12 2.12 2.12 2.12
GWK49.54	OK	5	5	5	5	1.97 2.47 3 3.52 3.95	3.26 3.26 3.26 3.26 3.26
GWH49.54	OK	5	5	5	5	1.97 2.47 3 3.52 3.95	3.26 3.26 3.26 3.26 3.26
GWD49.54	OK	5	5	5	5	1.97 2.47 3 3.52 3.95	3.26 3.26 3.26 3.26 3.26
GWS49.61	OK	4	4	4	4	4.45 5 5.26 5.5	2.825 2.72 2.53 2.47
GWS49.74	OK	4	4	4	4	4.58 5.04 5.59 5.95	2.83 2.83 2.83 2.83
GWK49.74	OK	4	4	4	4	4.58 5.04 5.59 5.95	2.83 2.83 2.83 2.83
GWH49.74	OK	4	4	4	4	4.58 5.04 5.59 5.95	2.83 2.83 2.83 2.83
GWD49.74	OK	4	4	4	4	4.58 5.04 5.59 5.95	2.83 2.83 2.83 2.83
GWK52.59	OK	5	5	5	5	1.97 2.47 3 3.52 3.95	3.8067 3.8067 3.8067 3.8067 3.8067
GWH52.59	OK	5	5	5	5	1.97 2.47 3 3.52 3.95	3.8067 3.8067 3.8067 3.8067 3.8067
GWD52.59	OK	5	5	5	5	1.97 2.47 3 3.52 3.95	3.8067 3.8067 3.8067 3.8067 3.8067
GWS52.71	OK	2	2	2	2	4.58 5	3.8067 3.8067
GWS52.82	OK	4	4	4	4	4.58 5.04 5.59 5.95	3.64 3.64 3.64 3.64
GWK52.82	OK	4	4	4	4	4.58 5.04 5.59 5.95	3.64 3.64 3.64 3.64
GWH52.82	OK	4	4	4	4	4.58 5.04 5.59 5.95	3.64 3.64 3.64 3.64
GWD52.82	OK	4	4	4	4	4.58 5.04 5.59 5.95	3.64 3.64 3.64 3.64
GWK60.66	OK	5	5	5	5	2 2.54 2.96 3.5 3.95	5.09 5.09 5.09 5.09 5.09
GWH60.66	OK	5	5	5	5	2 2.54 2.96 3.5 3.95	5.09 5.09 5.09 5.09 5.09
GWD60.66	OK	5	5	5	5	2 2.54 2.96 3.5 3.95	5.09 5.09 5.09 5.09 5.09
GWS60.92	OK	4	4	4	4	4.52 5.04 5.52 5.95	5.05 5.05 5.05 5.05
GWK60.92	OK	4	4	4	4	4.52 5.04 5.52 5.95	5.05 5.05 5.05 5.05
GWH60.92	OK	4	4	4	4	4.52 5.04 5.52 5.95	5.05 5.05 5.05 5.05
GWD60.92	OK	4	4	4	4	4.52 5.04 5.52 5.95	5.05 5.05 5.05 5.05
GWS63.71	OK	5	5	5	5	2 2.5 2.96 3.5 4.11	6.45 6.45 6.45 6.45 6.45
GWK63.71	OK	5	5	5	5	2 2.5 2.96 3.5 4.11	6.45 6.45 6.45 6.45 6.45
GWH63.71	OK	5	5	5	5	2 2.5 2.96 3.5 4.11	6.45 6.45 6.45 6.45 6.45
GWD63.71	OK	5	5	5	5	2 2.5 2.96 3.5 4.11	6.45 6.45 6.45 6.45 6.45
GWS63.95	OK	4	4	4	4	4.5 5 5.55 5.95	6 6 6 6
GWK63.95	OK	4	4	4	4	4.5 5 5.55 5.95	6 6 6 6
GWH63.95	OK	4	4	4	4	4.5 5 5.55 5.95	6 6 6 6
GWD63.95	OK	4	4	4	4	4.5 5 5.55 5.95	6 6 6 6
GWK66.75	OK	5	5	5	5	1.97 2.47 3 3.52 3.95	7.48 7.48 7.48 7.48 7.48
GWH66.75	OK	5	5	5	5	1.97 2.47 3 3.52 3.95	7.48 7.48 7.48 7.48 7.48
GWD66.75	OK	5	5	5	5	1.97 2.47 3 3.52 3.95	7.48 7.48 7.48 7.48 7.48
GWS66.106	OK	4	4	4	4	4.52 4.96 5.48 6.05	7.2 7.2 7.2 7.2
GWK66.106	OK	4	4	4	4	4.52 4.96 5.48 6.05	7.2 7.2 7.2 7.2
GWH66.106	OK	4	4	4	4	4.52 4.96 5.48 6.05	7.2 7.2 7.2 7.2
GWD66.106	OK	4	4	4	4	4.52 4.96 5.48 6.05	7.2 7.2 7.2 7.2
GWK70.76	OK	5	5	5	5	1.94 2.54 3 3.5 3.95	8.15 8.15 8.15 8.15 8.15
GWH70.76	OK	5	5	5	5	1.94 2.54 3 3.5 3.95	8.15 8.15 8.15 8.15 8.15
GWD70.76	OK	5	5	5	5	1.94 2.54 3 3.5 3.95	8.15 8.15 8.15 8.15 8.15
GWS70.111	OK	4	4	4	4	4.58 5.04 5.59 5.95	8.11 8.11 8.11 8.11
GWK70.111	OK	4	4	4	4	4.58 5.04 5.59 5.95	8.11 8.11 8.11 8.11
GWH70.111	OK	4	4	4	4	4.58 5.04 5.59 5.95	8.11 8.11 8.11 8.11
GWD70.111	OK	4	4	4	4	4.58 5.04 5.59 5.95	8.11 8.11 8.11 8.11